{"cameraMode":{"drawMode":0,"name":"Shaded","section":"Shading Mode"},"sceneLighting":true,"audioPlay":false,"sceneViewState":{"m_AlwaysRefresh":false,"showFog":true,"showSkybox":true,"showFlares":true,"showImageEffects":true,"showParticleSystems":true,"showVisualEffectGraphs":true,"m_FxEnabled":true},"in2DMode":false,"pivot":{"x":2.858123779296875,"y":2.6253817081451418,"z":-2.714268922805786},"rotation":{"x":0.30622848868370058,"y":0.0787259042263031,"z":-0.02540568821132183,"w":0.9484323859214783},"size":0.22720523178577424,"orthographic":false}